Country or Region,latitude,longitude,Rank,Score,GDP,Family,Health,Freedom,Generosity,Corruption,Year
Finland,61.92411,25.748151,1,7.769,1.34,1.587,0.986,0.596,0.153,0.393,2019
Denmark,56.26392,9.501785,2,7.6,1.383,1.573,0.996,0.592,0.252,0.41,2019
Norway,60.472024,8.468946,3,7.554,1.488,1.582,1.028,0.603,0.271,0.341,2019
Iceland,64.963051,-19.020835,4,7.494,1.38,1.624,1.026,0.591,0.354,0.118,2019
Netherlands,52.132633,5.291266,5,7.488,1.396,1.522,0.999,0.557,0.322,0.298,2019
Switzerland,46.818188,8.227512,6,7.48,1.452,1.526,1.052,0.572,0.263,0.343,2019
Sweden,60.128161,18.643501,7,7.343,1.387,1.487,1.009,0.574,0.267,0.373,2019
New Zealand,-40.900557,174.885971,8,7.307,1.303,1.557,1.026,0.585,0.33,0.38,2019
Canada,56.130366,-106.346771,9,7.278,1.365,1.505,1.039,0.584,0.285,0.308,2019
Austria,47.516231,14.550072,10,7.246,1.376,1.475,1.016,0.532,0.244,0.226,2019
Australia,-25.274398,133.775136,11,7.228,1.372,1.548,1.036,0.557,0.332,0.29,2019
Costa Rica,9.748917,-83.753428,12,7.167,1.034,1.441,0.963,0.558,0.144,0.093,2019
Israel,31.046051,34.851612,13,7.139,1.276,1.455,1.029,0.371,0.261,0.082,2019
Luxembourg,49.815273,6.129583,14,7.09,1.609,1.479,1.012,0.526,0.194,0.316,2019
United Kingdom,55.378051,-3.435973,15,7.054,1.333,1.538,0.996,0.45,0.348,0.278,2019
Ireland,53.41291,-8.24389,16,7.021,1.499,1.553,0.999,0.516,0.298,0.31,2019
Germany,51.165691,10.451526,17,6.985,1.373,1.454,0.987,0.495,0.261,0.265,2019
Belgium,50.503887,4.469936,18,6.923,1.356,1.504,0.986,0.473,0.16,0.21,2019
United States,37.09024,-95.712891,19,6.892,1.433,1.457,0.874,0.454,0.28,0.128,2019
Czech Republic,49.817492,15.472962,20,6.852,1.269,1.487,0.92,0.457,0.046,0.036,2019
United Arab Emirates,23.424076,53.847818,21,6.825,1.503,1.31,0.825,0.598,0.262,0.182,2019
Malta,35.937496,14.375416,22,6.726,1.3,1.52,0.999,0.564,0.375,0.151,2019
Mexico,23.634501,-102.552784,23,6.595,1.07,1.323,0.861,0.433,0.074,0.073,2019
France,46.227638,2.213749,24,6.592,1.324,1.472,1.045,0.436,0.111,0.183,2019
Taiwan,23.69781,120.960515,25,6.446,1.368,1.43,0.914,0.351,0.242,0.097,2019
Chile,-35.675147,-71.542969,26,6.444,1.159,1.369,0.92,0.357,0.187,0.056,2019
Guatemala,15.783471,-90.230759,27,6.436,0.8,1.269,0.746,0.535,0.175,0.078,2019
Saudi Arabia,23.885942,45.079162,28,6.375,1.403,1.357,0.795,0.439,0.08,0.132,2019
Qatar,25.354826,51.183884,29,6.374,1.684,1.313,0.871,0.555,0.22,0.167,2019
Spain,40.463667,-3.74922,30,6.354,1.286,1.484,1.062,0.362,0.153,0.079,2019
Panama,8.537981,-80.782127,31,6.321,1.149,1.442,0.91,0.516,0.109,0.054,2019
Brazil,-14.235004,-51.92528,32,6.3,1.004,1.439,0.802,0.39,0.099,0.086,2019
Uruguay,-32.522779,-55.765835,33,6.293,1.124,1.465,0.891,0.523,0.127,0.15,2019
Singapore,1.352083,103.819836,34,6.262,1.572,1.463,1.141,0.556,0.271,0.453,2019
El Salvador,13.794185,-88.89653,35,6.253,0.794,1.242,0.789,0.43,0.093,0.074,2019
Italy,41.87194,12.56738,36,6.223,1.294,1.488,1.039,0.231,0.158,0.03,2019
Bahrain,25.930414,50.637772,37,6.199,1.362,1.368,0.871,0.536,0.255,0.11,2019
Slovakia,48.669026,19.699024,38,6.198,1.246,1.504,0.881,0.334,0.121,0.014,2019
Trinidad and Tobago,10.66668,-61.51889,39,6.192,1.231,1.477,0.713,0.489,0.185,0.016,2019
Poland,51.919438,19.145136,40,6.182,1.206,1.438,0.884,0.483,0.117,0.05,2019
Uzbekistan,41.377491,64.585262,41,6.174,0.745,1.529,0.756,0.631,0.322,0.24,2019
Lithuania,55.169438,23.881275,42,6.149,1.238,1.515,0.818,0.291,0.043,0.042,2019
Colombia,4.570868,-74.297333,43,6.125,0.985,1.41,0.841,0.47,0.099,0.034,2019
Slovenia,46.151241,14.995463,44,6.118,1.258,1.523,0.953,0.564,0.144,0.057,2019
Nicaragua,12.865416,-85.207229,45,6.105,0.694,1.325,0.835,0.435,0.2,0.127,2019
Kosovo,42.602636,20.902977,46,6.1,0.882,1.232,0.758,0.489,0.262,0.006,2019
Argentina,-38.416097,-63.616672,47,6.086,1.092,1.432,0.881,0.471,0.066,0.05,2019
Romania,45.943161,24.96676,48,6.07,1.162,1.232,0.825,0.462,0.083,0.005,2019
Cyprus,35.126413,33.429859,49,6.046,1.263,1.223,1.042,0.406,0.19,0.041,2019
Ecuador,-1.831239,-78.183406,50,6.028,0.912,1.312,0.868,0.498,0.126,0.087,2019
Kuwait,29.31166,47.481766,51,6.021,1.5,1.319,0.808,0.493,0.142,0.097,2019
Thailand,15.870032,100.992541,52,6.008,1.05,1.409,0.828,0.557,0.359,0.028,2019
Latvia,56.879635,24.603189,53,5.94,1.187,1.465,0.812,0.264,0.075,0.064,2019
South Korea,35.907757,127.766922,54,5.895,1.301,1.219,1.036,0.159,0.175,0.056,2019
Estonia,58.595272,25.013607,55,5.893,1.237,1.528,0.874,0.495,0.103,0.161,2019
Jamaica,18.109581,-77.297508,56,5.89,0.831,1.478,0.831,0.49,0.107,0.028,2019
Mauritius,-20.348404,57.552152,57,5.888,1.12,1.402,0.798,0.498,0.215,0.06,2019
Japan,36.204824,138.252924,58,5.886,1.327,1.419,1.088,0.445,0.069,0.14,2019
Honduras,15.199999,-86.241905,59,5.86,0.642,1.236,0.828,0.507,0.246,0.078,2019
Kazakhstan,48.019573,66.923684,60,5.809,1.173,1.508,0.729,0.41,0.146,0.096,2019
Bolivia,-16.290154,-63.588653,61,5.779,0.776,1.209,0.706,0.511,0.137,0.064,2019
Hungary,47.162494,19.503304,62,5.758,1.201,1.41,0.828,0.199,0.081,0.02,2019
Paraguay,-23.442503,-58.443832,63,5.743,0.855,1.475,0.777,0.514,0.184,0.08,2019
North Cyprus,40.448761,-111.80763200000001,64,5.718,1.263,1.252,1.042,0.417,0.191,0.162,2019
Peru,-9.189967,-75.015152,65,5.697,0.96,1.274,0.854,0.455,0.083,0.027,2019
Portugal,39.399872,-8.224454,66,5.693,1.221,1.431,0.999,0.508,0.047,0.025,2019
Pakistan,30.375321,69.345116,67,5.653,0.677,0.886,0.535,0.313,0.22,0.098,2019
Russia,61.52401,105.318756,68,5.648,1.183,1.452,0.726,0.334,0.082,0.031,2019
Philippines,12.879721,121.774017,69,5.631,0.807,1.293,0.657,0.558,0.117,0.107,2019
Serbia,44.016521,21.005859,70,5.603,1.004,1.383,0.854,0.282,0.137,0.039,2019
Moldova,47.411631,28.369885,71,5.529,0.685,1.328,0.739,0.245,0.181,0.0,2019
Libya,26.3351,17.228331,72,5.525,1.044,1.303,0.673,0.416,0.133,0.152,2019
Montenegro,42.708678,19.37439,73,5.523,1.051,1.361,0.871,0.197,0.142,0.08,2019
Tajikistan,38.861034,71.276093,74,5.467,0.493,1.098,0.718,0.389,0.23,0.144,2019
Croatia,45.1,15.2,75,5.432,1.155,1.266,0.914,0.296,0.119,0.022,2019
Hong Kong,22.396428,114.109497,76,5.43,1.438,1.277,1.122,0.44,0.258,0.287,2019
Dominican Republic,18.735693,-70.162651,77,5.425,1.015,1.401,0.779,0.497,0.113,0.101,2019
Bosnia and Herzegovina,43.915886,17.679076,78,5.386,0.945,1.212,0.845,0.212,0.263,0.006,2019
Turkey,38.963745,35.243322,79,5.373,1.183,1.36,0.808,0.195,0.083,0.106,2019
Malaysia,4.210484,101.975766,80,5.339,1.221,1.171,0.828,0.508,0.26,0.024,2019
Belarus,53.709807,27.953389,81,5.323,1.067,1.465,0.789,0.235,0.094,0.142,2019
Greece,39.074208,21.824312,82,5.287,1.181,1.156,0.999,0.067,0.0,0.034,2019
Mongolia,46.862496,103.846656,83,5.285,0.948,1.531,0.667,0.317,0.235,0.038,2019
North Macedonia,41.99646,21.43141,84,5.274,0.983,1.294,0.838,0.345,0.185,0.034,2019
Nigeria,9.081999,8.675277,85,5.265,0.696,1.111,0.245,0.426,0.215,0.041,2019
Kyrgyzstan,41.20438,74.766098,86,5.261,0.551,1.438,0.723,0.508,0.3,0.023,2019
Turkmenistan,38.969719,59.556278,87,5.247,1.052,1.538,0.657,0.394,0.244,0.028,2019
Algeria,28.033886,1.659626,88,5.211,1.002,1.16,0.785,0.086,0.073,0.114,2019
Morocco,31.791702,-7.09262,89,5.208,0.801,0.782,0.782,0.418,0.036,0.076,2019
Azerbaijan,40.143105,47.576927,90,5.208,1.043,1.147,0.769,0.351,0.035,0.182,2019
Lebanon,33.854721,35.862285,91,5.197,0.987,1.224,0.815,0.216,0.166,0.027,2019
Indonesia,-0.789275,113.921327,92,5.192,0.931,1.203,0.66,0.491,0.498,0.028,2019
China,35.86166,104.195397,93,5.191,1.029,1.125,0.893,0.521,0.058,0.1,2019
Vietnam,14.058324,108.277199,94,5.175,0.741,1.346,0.851,0.543,0.147,0.073,2019
Bhutan,27.514162,90.433601,95,5.082,0.813,1.321,0.604,0.457,0.37,0.167,2019
Cameroon,7.369722,12.354722,96,5.044,0.549,0.91,0.331,0.381,0.187,0.037,2019
Bulgaria,42.733883,25.48583,97,5.011,1.092,1.513,0.815,0.311,0.081,0.004,2019
Ghana,7.946527,-1.023194,98,4.996,0.611,0.868,0.486,0.381,0.245,0.04,2019
Ivory Coast,5.30966,-4.0126599999999994,99,4.944,0.569,0.808,0.232,0.352,0.154,0.09,2019
Nepal,28.394857,84.124008,100,4.913,0.446,1.226,0.677,0.439,0.285,0.089,2019
Jordan,30.585164,36.238414,101,4.906,0.837,1.225,0.815,0.383,0.11,0.13,2019
Benin,9.30769,2.315834,102,4.883,0.393,0.437,0.397,0.349,0.175,0.082,2019
Congo (Brazzaville),-4.26613,15.283179999999998,103,4.812,0.673,0.799,0.508,0.372,0.105,0.093,2019
Gabon,-0.803689,11.609444,104,4.799,1.057,1.183,0.571,0.295,0.043,0.055,2019
Laos,19.85627,102.495496,105,4.796,0.764,1.03,0.551,0.547,0.266,0.164,2019
South Africa,-30.559482,22.937506,106,4.722,0.96,1.351,0.469,0.389,0.13,0.055,2019
Albania,41.153332,20.168331,107,4.719,0.947,0.848,0.874,0.383,0.178,0.027,2019
Venezuela,6.42375,-66.58973,108,4.707,0.96,1.427,0.805,0.154,0.064,0.047,2019
Cambodia,12.565679,104.990963,109,4.7,0.574,1.122,0.637,0.609,0.232,0.062,2019
Palestinian Territories,31.952162,35.233154,110,4.696,0.657,1.247,0.672,0.225,0.103,0.066,2019
Senegal,14.497401,-14.452362,111,4.681,0.45,1.134,0.571,0.292,0.153,0.072,2019
Somalia,5.152149,46.199616,112,4.668,0.0,0.698,0.268,0.559,0.243,0.27,2019
Namibia,-22.95764,18.49041,113,4.639,0.879,1.313,0.477,0.401,0.07,0.056,2019
Niger,17.607789,8.081666,114,4.628,0.138,0.774,0.366,0.318,0.188,0.102,2019
Burkina Faso,12.238333,-1.561593,115,4.587,0.331,1.056,0.38,0.255,0.177,0.113,2019
Armenia,40.069099,45.038189,116,4.559,0.85,1.055,0.815,0.283,0.095,0.064,2019
Iran,32.427908,53.688046,117,4.548,1.1,0.842,0.785,0.305,0.27,0.125,2019
Guinea,9.945587,-9.696645,118,4.534,0.38,0.829,0.375,0.332,0.207,0.086,2019
Georgia,42.315407,43.356892,119,4.519,0.886,0.666,0.752,0.346,0.043,0.164,2019
Gambia,13.443182,-15.310139,120,4.516,0.308,0.939,0.428,0.382,0.269,0.167,2019
Kenya,-0.023559,37.906193,121,4.509,0.512,0.983,0.581,0.431,0.372,0.053,2019
Mauritania,21.00789,-10.940835,122,4.49,0.57,1.167,0.489,0.066,0.106,0.088,2019
Mozambique,-18.665695,35.529562,123,4.466,0.204,0.986,0.39,0.494,0.197,0.138,2019
Tunisia,33.886917,9.537499,124,4.461,0.921,1.0,0.815,0.167,0.059,0.055,2019
Bangladesh,23.684994,90.356331,125,4.456,0.562,0.928,0.723,0.527,0.166,0.143,2019
Iraq,33.223191,43.679291,126,4.437,1.043,0.98,0.574,0.241,0.148,0.089,2019
Congo (Kinshasa),-4.32153,15.31185,127,4.418,0.094,1.125,0.357,0.269,0.212,0.053,2019
Mali,17.570692,-3.996166,128,4.39,0.385,1.105,0.308,0.327,0.153,0.052,2019
Sierra Leone,8.460555,-11.779889,129,4.374,0.268,0.841,0.242,0.309,0.252,0.045,2019
Sri Lanka,7.873054,80.771797,130,4.366,0.949,1.265,0.831,0.47,0.244,0.047,2019
Myanmar,21.916222,95.95597099999999,131,4.36,0.71,1.181,0.555,0.525,0.566,0.172,2019
Chad,15.454166,18.732207,132,4.35,0.35,0.766,0.192,0.174,0.198,0.078,2019
Ukraine,48.379433,31.16558,133,4.332,0.82,1.39,0.739,0.178,0.187,0.01,2019
Ethiopia,9.145,40.489673,134,4.286,0.336,1.033,0.532,0.344,0.209,0.1,2019
Swaziland,-26.522503,31.465866,135,4.212,0.811,1.149,0.0,0.313,0.074,0.135,2019
Uganda,1.373333,32.290275,136,4.189,0.332,1.069,0.443,0.356,0.252,0.06,2019
Egypt,26.820553,30.802498,137,4.166,0.913,1.039,0.644,0.241,0.076,0.067,2019
Zambia,-13.133897,27.849332,138,4.107,0.578,1.058,0.426,0.431,0.247,0.087,2019
Togo,8.619543,0.824782,139,4.085,0.275,0.572,0.41,0.293,0.177,0.085,2019
India,20.593684,78.96288,140,4.015,0.755,0.765,0.588,0.498,0.2,0.085,2019
Liberia,6.428055,-9.429499,141,3.975,0.073,0.922,0.443,0.37,0.233,0.033,2019
Comoros,-11.875001,43.872219,142,3.973,0.274,0.757,0.505,0.142,0.275,0.078,2019
Madagascar,-18.766947,46.869107,143,3.933,0.274,0.916,0.555,0.148,0.169,0.041,2019
Lesotho,-29.609988,28.233608,144,3.802,0.489,1.169,0.168,0.359,0.107,0.093,2019
Burundi,-3.373056,29.918886,145,3.775,0.046,0.447,0.38,0.22,0.176,0.18,2019
Zimbabwe,-19.015438,29.154857,146,3.663,0.366,1.114,0.433,0.361,0.151,0.089,2019
Haiti,18.971187,-72.285215,147,3.597,0.323,0.688,0.449,0.026,0.419,0.11,2019
Botswana,-22.328474,24.684866,148,3.488,1.041,1.145,0.538,0.455,0.025,0.1,2019
Syria,34.802075,38.996815,149,3.462,0.619,0.378,0.44,0.013,0.331,0.141,2019
Malawi,-13.254308,34.301525,150,3.41,0.191,0.56,0.495,0.443,0.218,0.089,2019
Yemen,15.552727,48.516388,151,3.38,0.287,1.163,0.463,0.143,0.108,0.077,2019
Rwanda,-1.940278,29.873888,152,3.334,0.359,0.711,0.614,0.555,0.217,0.411,2019
Tanzania,-6.369028,34.888822,153,3.231,0.476,0.885,0.499,0.417,0.276,0.147,2019
Afghanistan,33.93911,67.709953,154,3.203,0.35,0.517,0.361,0.0,0.158,0.025,2019
Central African Republic,6.611111,20.939444,155,3.083,0.026,0.0,0.105,0.225,0.235,0.035,2019
South Sudan,4.85165,31.58247,156,2.853,0.306,0.575,0.295,0.01,0.202,0.091,2019
